hassantariq5281,
afzaalmahmood0,
asgharsaifitlpwala,
rajanisarrizvi,
saqii__006,
azmah95firahs,
ms.7.prince,
malik.shahzad.7,
muhammadusmanmu330,
hassantaimoor373,
muhammadrizwan4505,
chaudary.aitzaz.ali,
rizwanashraf572,
muhammadfiazwarraich,
syedbrooo,
bali.awan5,
usmanabid786bcn,
meharasif70,
zaibigujjar3786,
gullzaibanwarshahabdiwal,
sabeelattar,
ahmed198883,
princejan4551,
princejan119,
chsalmanfiaz,
aafaqrizvi,
basit5522,
basitali7772,
raheeb_ahmed_01,
tlp_markhour,
hirabutttwo2,
muhammadtariq3440,
